{"cameraMode":{"drawMode":0,"name":"Shaded","section":"Shading Mode"},"sceneLighting":false,"audioPlay":false,"sceneViewState":{"showFog":true,"showMaterialUpdate":false,"showSkybox":false,"showFlares":true,"showImageEffects":true,"showParticleSystems":true},"in2DMode":false,"pivot":{"x":0.027273893356323243,"y":1.9753820896148682,"z":0.07047200202941895},"rotation":{"x":0.25228771567344668,"y":-0.5995051264762878,"z":0.20695307850837708,"w":0.7308316230773926},"size":7.292001724243164,"orthographic":true}